المعرّف,الموضوع,أسئلة,البديل أ,البديل ب,البديل ج
1,النحل/الزنابير,ما الذي ينبغي عليك فعله بعد اكتشاف خلية نحل أو زنابير/دبابير؟,يطرحها أرضًا,إشعال النيران فيها,الاتصال بالسلطات
2,النحل/الزنابير,أي مما يلي يمثل عرَض لدغة نحلة أو زنبور/دبور؟,النعاس ,نزف,ألم موجع
3,المياه المخصصة للاستهلاك البشري,من المسؤول عن معيار مياه الشرب للمياه المستخدمة للاستهلاك البشري في البرازيل؟,IBAMA,ANVISA,وزارة الصحة
4,المياه المخصصة للاستهلاك البشري,أي السلطات يجب إخطارها بشأن التلوث المشتبه به للمياه؟,البيئة,الشرطة,الرعاية الصحية
5,المياه المخصصة للاستهلاك البشري,هل تعلم كم عدد المرات التي ينصح فيها بتنظيف خزان المياه لديك؟,كل 10 سنوات,النظافة غير مطلوبة,كل 6 أشهر
6,المياه المخصصة للاستهلاك البشري,هل تعلم مما تتكون المياه المخصصة للاستهلاك البشري؟,أي مياه,مياه الطهي,شرب المياه
7,الكائنات البحرية,أي مادة يمكن استخدامها في إجراءات الإسعافات الأولية في حالة التعرض لهجمات من قناديل البحر؟ ,جعة,مياه نقية,الخل
8,الكائنات البحرية,ما إجراءات الإسعافات الأولية المتبعة في حالة وقوع حوادث تسببها قناديل البحر أو رجل الحرب البرتغالي (نوع من القناديل)؟ ,التبول على الفور,استخدام الثلج,استخدام الخل
9,الكائنات البحرية,كيف يمكن تطييب الألم الناجم عن حوادث تسببها الأسماك السامة؟,استخدام مرهم,تناول الكحول,استخدام ماء دافئ
10,الكائنات البحرية,أي لون علم يتم إظهاره على الشواطئ للإشارة إلى وجود كائنات بحرية خطيرة؟,أحمر,أسود,أرجواني
11,الهواء الملوث,ماذا يطلق على الضباب الناجم عن تلوث الهواء؟,موجات حرارية,مطر حمضي,الضباب الدخاني
12,الهواء الملوث,بوجه عام، ما الظروف المناخية الأكثر ملاءمة لتلوث الهواء؟,غائم,الثلج,الحرارة والمطر
13,الهواء الملوث,ما الملوث الرئيسي المسؤول عن حدوث ظاهرة الاحتباس الحراري؟,أكسجين,الأمونيا,ثاني أكسيد الكربون
14,الهواء الملوث,أي من هذه تمثل أحد الملوثات الضارة على صحة السكان؟,نيتروجين,الرصاص,ثاني أكسيد الكبريت
15,الهواء الملوث,أي من البدائل التالية تعد من أحد مصادر تلوث الهواء في الأماكن المغلقة؟,دش سخان المياه الكهربائي,التحكم عن بعد,تبريد الهواء
16,الهواء الملوث,أي مما يلي يُنصح به لمواجهة التأثيرات التي يسببها تلوث الهواء على صحة الإنسان؟,ممارسة,الراحة,شرب قدر من المياه
17,الهواء الملوث,ما التأثير الرئيسي الذي يسببه تلوث الهواء على الظروف المناخية؟,أمواج المد أو الجزر,الفيضانات,ارتفاع في الحرارة
18,الهواء الملوث,أي مما يلي له تأثير أول أكسيد الكربون على صحة الإنسان؟,سرطان الرئة,التهاب الجيوب,الصداع
19,الهواء الملوث,ما الموسم الذي يكون فيه عادة مستوى تلوث الهواء أعلى من المعدل؟,الخريف,الصيف,الشتاء
20,الهواء الملوث,أي مما يلي ينبعث منها معظم الملوثات في المدن الكبرى؟,الصناعات,حرائق النباتات,السيارات
21,الهواء الملوث,أي من هذه الأجهزة تحتوي على غازات الكلوروفلوروكربون؟,الهواتف المحمولة,الأجهزة المنزلية,الثلاجات
22,الهواء الملوث,أي من هذه التدابير المتعلقة بالمركبات تساعد على التحكم في جودة الهواء؟,القيادة الوقائية,استخدام أنواع مختلفة من الوقود,استخدام محولات حفازة
23,الهواء الملوث,ما الملوثات الرئيسية المتولدة في محطات توليد الكهرباء التي تحرق الفحم أو النفط؟,الأوزون,نيتروجين,ثاني أكسيد الكبريت
24,العنكبوت,أي من هذه العناكب لا تعد من الأسباب الرئيسية لحوادث العناكب العديدة في البرازيل؟,بني,العنكبوت البرازيلي الجوال,الرتيلاء (عنكبوت سام)
25,العنكبوت,في أي منطقة في البرازيل تتركز غالبية الحوادث التي تسببها العناكب؟,الجنوب الشرقي,الشمال الشرقي,الجنوب
26,العنكبوت,أي من هذه العناكب يمتلك لدغة لا يمكن الكشف عنها تقريبًا؟,الرتيلاء (عنكبوت سام),العنكبوت البرازيلي الجوال,بني
27,العنكبوت,ما الذي يمكن فعله للمساعدة على التخفيف من الألم الناجم عن لدغات العناكب؟,الضغط على البثرة,مص الموضع,الضغط الدافئ
28,السعال الديكي,ما المرض الذي يسبب سعال حاد؟,الحصبة,الوتدية الخناقية,السعال الديكي
29,السعال الديكي,ما المرض الذي تتمثل أعراضه في الإصابة بسعال حاد وسعال ديكي مصحوب بالقيء؟,الأنفلونزا,السل,السعال الديكي
30,السعال الديكي,ما البكتريا المسببة للسعال الديكي؟,المطثية الكزازية,التهاب السحايا,البورديتيلة الشاهوقية
31,السعال الديكي,أي لقاح يحمي الأطفال دون عمر السنة الواحدة من الإصابة بالسعال الديكي؟,لقاح عصية كالميت جيران ,لقاح الفيروس ثلاثي التكافؤ,لقاح خماسي التكافؤ
32,السعال الديكي,ما الإجراء الرئيسي الذي يقي من السعال الديكي؟,استخدام الواقيات الجنسية,مضادات حيوية,لقاح
33,السعال الديكي,ما المضاد الحيوي الذي ينصح به للعلاج من السعال الديكي؟,ريفامبين,التاميفلو,أزيثرومايسين
34,حمى الضنك/حمى زيكا/حمى تشيك,كم عدد المرات التي يجب فيها القضاء على مواقع التكاثر؟ ,يوميًا,شهريًا,أسبوعيًا
35,حمى الضنك/حمى زيكا/حمى تشيك,أي من هذه الإجراءات الوقائية لا تساعد على حماية النساء الحوامل؟ ,استخدام الناموسيات,تنظيف المنزل,استخدام الزيت على الجلد
36,حمى الضنك/حمى زيكا/حمى تشيك,كيف تنتقل حمى الضنك؟,التقبيل,احتضان,لدغة البعوضة
37,حمى الضنك/حمى زيكا/حمى تشيك,هل تقتل وحدات تبريد الهواء البعوض الزاعج؟,المراوح فقط,نعم,لا
38,حمى الضنك/حمى زيكا/حمى تشيك,هل يمكن للأشخاص المصابين بحمى الضنك تناول الأسبرين وغيرها من الأدوية المماثلة؟,نعم,الأسبرين فقط,لا، لا يمكنهم
39,حمى الضنك/حمى زيكا/حمى تشيك,في أي وقت من اليوم يمكن أن يتعرض الأشخاص للدغ من البعوضة الزاعجة المصرية؟,فقط في الصباح,فقط في الليل,فترات الصباح وفترات بعد الظهيرة وفترات المساء
40,حمى الضنك/حمى زيكا/حمى تشيك,هل يمكن أن يمثل جهاز تكييف الهواء في مكتبي موقعًا لتكاثر البعوض الزاعج المصري؟,لا,المراوح فقط,نعم
41,حمى الضنك/حمى زيكا/حمى تشيك,هل تظهر أعراض على جميع الأشخاص المصابين بفيروس زيكا؟,نعم,الأطفال فقط,لا
42,حمى الضنك/حمى زيكا/حمى تشيك,كيف تتم الوقاية من الإصابة بفيروس زيكا؟,يستحم,تناول الفيتامينات,استخدام المبيدات الحشرية
43,حمى الضنك/حمى زيكا/حمى تشيك,ماذا يقصد بفيروس زيكا؟,مرض,بعوضة,فيروس
44,حمى الضنك/حمى زيكا/حمى تشيك,أي من الأعراض التالية تحدد على أنها أعلام صفراء للنساء الحوامل؟,غثيان الصباح,احتقان الأنف,بقع حمراء
45,حمى الضنك/حمى زيكا/حمى تشيك,أي من الأمراض التالية ينقلها البعوض؟ ,مرض الزهري,السل,شيكونغونيا
46,حمى الضنك/حمى زيكا/حمى تشيك,أي مما يلي يمثل إحدى علامات تفاقم المرض في الأشخاص المصابين بالحمى؟,السعال,الإسهال,نزف
47,الكوارث,كيف يجب الإشارة إليه في حالة وقع انهيارات أرضية؟,SAMU (192),CVV (141),الدفاع المدني (199)
48,الكوارث,ما رقم إدارة الإطفاء المخصص للاتصال عليه في حالة نشوب الحرائق؟,192,194,193
49,الكوارث,ما الذي يجب فعله في حالة التعرض للدغات الحيوانات السامة بعد وقوع فيضان؟ ,مص الموضع,الإمساك بالحيوان,الانتقال إلى المستشفى
50,الكوارث,من يجب الاتصال به في حالة العثور على حيوانات سامة في منزلك؟,SAMU (192),الدفاع المدني (199),إدارة الإطفاء (193)
51,الكوارث,ما المكان الذي ينبغي تفادي الوجود فيه في حالة وقوع عاصفة رعدية؟,في سيارة أو حافلة,في منزل أو مبنى,تحت الأشجار
52,الكوارث,ما الذي يمكن حدوثه لشخص ما يضربه البرق؟,لا شيء,حروق فقط,الحالات التي تعرضت لحروق وحالات الوفيات
53,الكوارث,ما الذي ينبغي عليك فعله في حالة هطول أمطار غزيرة وتعرض الشوارع للغرق بالمياه؟,اللعب في الماء,عبر الفيضان,البحث عن مأوى
54,الكوارث,ما الذي ينبغي عليك فعله في حالة العثور على حقيبة ظهر متروكة؟,افتحه,أخذه إلى المنزل,الاتصال بالسلطات
55,الكوارث,ما الذي ينبغي عليك فعله في حالة العثور على جسم ما يحتوي على رمز مشع؟,ملامسة الجسم,أخذه إلى المنزل,الاتصال بالسلطات
56,الكوارث,ما الذي ينبغي عليك فعله في حالة استلام بريد مشتبه به؟,رد إلى المرسل,افتحه,الاتصال بالسلطات
57,الكوارث,من ينبغي عليك الاتصال به في حالة ظهور تسرب كيميائي متدفق في أحد الشوارع؟ ,SAMU (192),الشرطة المدنية (197),إدارة الإطفاء (193)
58,الكوارث,ما الأخطار المستترة لمياه الفيضان؟,لا أحد,البرد,داء البريميات
59,الدفتيريا,كيف يتم التعرف على الدفتيريا على المستوى الشعبي؟,الشلل الرخو ,سعال حاد,الخناق
60,الدفتيريا,كم تبلغ فترة حضانة الدفتيريا السائدة؟,من 5 أيام إلى 15 يومًا,من 5 أيام إلى 10 أيام,من يوم واحد إلى 6 أيام
61,الدفتيريا,إلى متى يستطيع ناقل المرض القضاء على العصية الخناقي؟,سنة واحدة,3 أشهر أو أكثر,6 أشهر أو أكثر
62,الدفتيريا,ما اللقاح الذي ينصح به للوقاية من الإصابة بالدفتيريا في الأفراد البالغين؟,لقاح الفيروس ثلاثي التكافؤ,لقاح عصية كالميت جيران,تطعيم مزدوج للأفراد البالغين
63,الدفتيريا,أي إجراء علاجي يكون أكثر فعالية في علاج الدفتيريا؟,العلاج بالمضادات الحيوية,لقاح,الترياق المضاد للخناق
64,الدفتيريا,ما الإجراء الوقائي الأكثر فعالية لعلاج الدفتيريا؟,العلاج بالمضادات الحيوية,استخدام الواقيات الجنسية,التطعيم
65,داء شاغاس,ما العامل الذي يسبب مرض الشاغاس؟,البكتيريا,فيروس,حيوانات وحيدة الخلية
66,داء شاغاس,ما الحشرة التي تنقل مرض الشاغاس؟,الزنابير,البعوض ,القراد
67,داء شاغاس,في أي مما يلي لا يتم انتقال مرض الشاغاس؟,نقل الدم,طعام ملوث,ملامسة الآخرين
68,داء شاغاس,ما حشرات البق اللثام التي يمكن أن تنقل عبر لدغتها مرض الشاغاس؟,جميعها,الإناث فقط,الأفراد المصابون فقط
69,داء شاغاس,ما العرَض الرئيسي للمرحلة الحادة لمرض الشاغاس؟,آلام المفاصل,السعال,حمى مستمرة
70,داء شاغاس,كيف يمكن الحصول على تشخيص تأكيدي لمرض الشاغاس؟,فحص البول,فحص البراز,فحص الدم
71,داء شاغاس,هل يوفر نظام SUS أي علاج نوعي لمرض الشاغاس؟ ,نعم. مجاني,لا,نعم، لكنها خدمة مدفوعة
72,داء شاغاس,أي مما يلي لا يعد إجراءً وقائيًا لمرض الشاغاس؟,استخدام الناموسيات,الحفاظ على نظافة الساحة,القضاء على جميع مصادر المياه الجارية
73,داء شاغاس,كيف ينبغي أن تمتد متابعة الأشخاص المصابين بالحمى لأكثر من 7 أيام؟,تناول المضادات الحيوية,تناول مخفض للحرارة,البحث عن المساعدة في نظام SUS
74,الأمراض المنقولة جنسيًا/الإيدز,ما الذي ينبغي عليك فعله بعد تلامس دم أو سائل منوي يحتمل أن يكون ملوثًا بفيروس العوز المناعي البشري؟,لا شيء,يستحم,البحث عن المساعدة في نظام SUS
75,الأمراض المنقولة جنسيًا/الإيدز,هل يمثل الفصل بين الأشخاص المصابين بفيروس العوز المناعي البشري/الإيدز جريمة في البرازيل؟,لا,تتوقف على السبب,نعم
76,الأمراض المنقولة جنسيًا/الإيدز,هل يجب أن يكون حاملو فيروس العوز المناعي البشري مرضى بالفعل للحصول على العلاج من نظام SUS ؟,نعم,لا يوجد علاج,يحق للجميع الحصول على العلاج
77,الأمراض المنقولة جنسيًا/الإيدز,هل يمثل فيروس نقص العوز المناعي الشيء نفسه الذي يمثله الإيدز؟,نعم,فيروس العوز المناعي البشري هو اختصار لمرض الإيدز,لا
78,الأمراض المنقولة جنسيًا/الإيدز,هل الواقيات الجنسية هي الطريقة الوحيدة للوقاية من الإصابة بفيروس نقص العوز المناعي؟,نعم,لا. اللوالب فقط,لا
79,الأمراض المنقولة جنسيًا/الإيدز,لماذا ينبغي على المرضى تناول الدواء المعالج لفيروس نقص العوز المناعي؟,لعلاج الإيدز,للعيش حياة أسوأ,لكي تحظى بحياة أفضل
80,الأمراض المنقولة جنسيًا/الإيدز,متى ينبغي عليّ البدء في تناول الدواء بعد العلم بإصابتي بفيروس نقص العوز المناعي؟,عندما تسوء حالتي,لا يوجد دواء,على الفور
81,الأمراض المنقولة جنسيًا/الإيدز,هل يوجد لقاح أو علاج للإيدز؟,نعم,للنساء فقط,لا
82,الأمراض المنقولة جنسيًا/الإيدز, هل يجب أن يتناول الأشخاص المصابون بفيروس العوز المناعي البشري الكثير من الأدوية يوميًا؟,نعم,لا,تتوقف على الحالة المحددة
83,الأمراض المنقولة جنسيًا/الإيدز,هل صحيح أن دواء فيروس العوز المناعي البشري له آثار جانبية؟,لا. هذه خرافة.,فقط في الأطفال,نعم
84,الأمراض المنقولة جنسيًا/الإيدز,أي مما يلي تعد آثارًا جانبية لعلاج فيروس العوز المناعي البشري؟,اكتئاب,الهذيان,الغثيان والتقيؤ
85,الأمراض المنقولة جنسيًا/الإيدز,هل يتم الوقاية من فيروس الورم الحليمي البشري من الأمراض التي تنتقل بالاتصال الجنسي باستخدام اللقاح؟,فقط في الأطفال,لا,نعم
86,الأمراض المنقولة جنسيًا/الإيدز,أي مما يلي لا يعد من الأمراض التي تنتقل بالاتصال الجنسي؟,مرض الزهري,فيروس الورم الحليمي البشري,حمى الضنك
87,الأمراض المنقولة جنسيًا/الإيدز,كيف يمكننا الوقاية من جميع العدوى التي تنتقل بالاتصال الجنسي؟,الامتناع عن ممارسة الجنس,أحادي التزاوج,استخدام الواقيات الجنسية
88,الأمراض المنقولة جنسيًا/الإيدز,هل يكون ارتداء واقيين جنسيين في الوقت نفسه أكثر أمانًا؟,نعم,نعم، يمكن الاستخدام حتى 3,لا
89,الإيبولا,ماذا يقصد بالإيبولا؟,البكتيريا,عيوب خلقية,فيروس
90,العقرب,ما الحيوان السام المسؤول عن التسبب في العدد الأكبر من الحوادث في البرازيل؟,الأفاعي,العناكب,العقارب
91,العقرب,أين توجد العقارب بشكل شائع؟,حمامات السباحة والبحيرات,الأشجار,صناديق القمامة وفتحات المجاري
92,العقرب,ما العرَض الطبي الرئيسي المصاحب للحوادث التي يتسبب بها العقارب؟,عيون كثيرة الدموع,التورم,ألم موجع
93,العقرب,في أي حالات يجب أن يحصل ضحايا العقارب على المصل المضاد للدغات العقارب؟,جميع الحالات,الحالات الحرجة فقط,الحالات المتوسطة والشديدة
94,العقرب,ما الذي يمكن فعله للمساعدة على تخفيف الألم الناجم عن لدغة العقرب؟,الضغط على البثرة,مص السم ,الضغط الدافئ
95,داء البلهارسيا,كيف ينتقل داء البلهارسيا؟,العطس,ملامسة الأرض,الملامسة بأظافر اليدين
96,داء البلهارسيا,كيف يتم تشخيص داء البلهارسيا؟,فحص البول,فحص الدم,فحص البراز
97,داء البلهارسيا,ما الاسم الشائع الذي تُعرف به البلهارسيا كذلك؟,مرض الديدان الشصية,مرض يمتد إلى سبعة أيام,حمى الحلزون
98,داء البلهارسيا,البهارسيا هي مرض _____.,بكتيري,فيروسي,طفيلي
99,داء البلهارسيا,العامل الذي يؤثر في البلهارسيا هو:,الصفر الخراطيني,المتدثرة الحثرية,البلهارسيا المنسونية
100,الفحوصات المختبرية,هل يمكن أن يؤدي الجفاف إلى حدوث تغيرات في فحوصات الدم؟,لا,نعم,نعم
101,الفحوصات المختبرية,هل يجب على المرضى عادة الإخطار باستخدام لدواء قبل إجراء الفحوصات المختبرية؟,لا,قد يكون الأمر مهمًا,نعم
102,الفحوصات المختبرية,أين يمكنني إجراء الفحوصات المختبرية؟,فقد في نظام الرعاية الصحية الخاص,فقط في نظام الرعاية الصحية العام,في كل من النظامين
103,الفحوصات المختبرية,ما الذي يمكنني فعله للوقاية من الإصابة بالبقع ذات اللون الأرجواني بعد سحب الدم؟ ,المصافحة بالأذرع,الانتظار حتى يختفي,استخدام الضغط على البقعة
104,الحمى الصفراء,تنتقل الحمى الصفراء بواسطة:,عضات الخفافيش,طعام ملوث,لدغة البعوضة
105,الحمى الصفراء,ما أنواع البعوض التي تنقل الحمى الصفراء الحرجية؟,البعوضة الزاعجة,بعوضة الأنوفيليس,المدمومة
106,الحمى الصفراء,أي مما يلي تعد من أعراض الحمى الصفراء الكلاسيكية؟,آلام المفاصل,صداع,جلد يميل إلى الصفرة
107,الحمى الصفراء,ماذا لو كان مما يلي لا يعد إجراءً وقائيًا للحمى الصفراء؟,لقاح,مبيد حشري,حاجبة الأشعة الشمسية
108,الحمى الصفراء,ماذا لو كان مما يلي لا يعد من أنشطة الخطر للحمى الصفراء؟,تخييم,صيد الأسماك,التنزه الليلي
109,الحمى الصفراء,ما العلاج المتوفر للحمى الصفراء؟,مضادات حيوية,مضاد الالتهابات,لا يوجد علاج
110,الحمى الصفراء,بالإضافة إلى حمى الضنك وحمى الزيكا وحمى شيكونغونيا، ما الأمراض الأخرى التي يمكن أن ينقلها البعوض الزاعج المصري؟,فيروس O’nyong’nyong,داء الخيطيات,الحمى الصفراء
111,الحمى الصفراء,أي مما يلي لا يمثل واحدة من دورات انتقال الحمى الصفراء المحتملة؟,المناطق الحضرية,حرجي,مائي
112,الحمى الصفراء,ما الذي الحيوانات الأخرى التي تحمل مرض الحمى الصفراء، بالإضافة إلى البشر؟,الطيور,الكلاب,القرود
113,الحمى الصفراء,تنجم الحمى الصفراء عن,البكتيريا,حيوانات وحيدة الخلية,فيروس
114,الحمى الصفراء,ما المرض الذي تتشابه أعراضه مع الحمى الصفراء؟,داء الشاغاس,داء الليشمانيا,حمى الضنك
115,الحمى الصفراء,يتمثل الإجراء الوقائي الأهم للحمى الصفراء في:,غسل الوجه,غسل اليدين,التطعيم
116,حمى الجبال الصخرية المبقعة,ما ناقل حمى الجبال الصخرية المبقعة؟,البعوضة,خنزير الماء,القراد
117,حمى الجبال الصخرية المبقعة,أي مما يلي يعد مضيفًا للقراد ذي الأهمية السريرية لحمى الجبال الصخرية المبقعة؟,الأفعى,أسد الجبال,خنزير الماء
118,حمى الجبال الصخرية المبقعة,ما البيئات المعدية لحمى الجبال الصخرية المبقعة؟,مناطق كب القمامة,المناطق التي بها بعوض,المناطق التي تعيش بها القراد
119,حمى الجبال الصخرية المبقعة,أي مما يلي يعد من أعراض حمى الجبال الصخرية المبقعة؟,الإسهال,التقيؤ,الحمى
120,حمى الجبال الصخرية المبقعة,ما الذي ينبغي علي فعله في حالة ظهور أعراض حمى الجبال الصخرية المبقعة؟,الانتظار حتى نهاية الأمر,شرب السوائل,البحث عن مساعدة طبية
121,حمى الجبال الصخرية المبقعة,ما الإجراءات الوقائية التي يمكن استخدامها لمواجهة حمى الجبال الصخرية المبقعة في المنزل؟,القضاء على جميع مصادر المياه الجارية,تنظيف دورات المياه,الحفاظ على نظافة الساحة
122,داء الخيطيات اللنفاوي,أي نوع من بعوض الكيولكس ينقل داء الخيطيات اللنفاوي؟,بعوضة الأنوفيليس,الزاعجة المصرية,البعوضة خماسية الخطوط
123,داء الخيطيات اللنفاوي,تتمثل أحد تعقيدات داء الخيطيات اللنفاوي في:,نزف الجهاز الهضمي,العمى,داء الفيل
124,داء الخيطيات اللنفاوي,هل يعد داء الخيطيات اللنفاوي عدوى ________؟,فيروسي,بكتيري,طفيلي
125,الجذام,ماذا يقصد بالجذام؟,فيروس,حيوانات وحيدة الخلية,مرض
126,الجذام,هل يجب على الأشخاص المصابين بالجذام استخدام كؤوس شرب وأدوات مائدة وأواني منفصلة؟,نعم,الأطباق فقط,لا
127,الجذام,كيف ينتقل الجذام؟,المصافحة بالأيدي,الاتصال الجنسي,ملامسة الأفراد المصابين
128,الأنفلونزا,ما العرض الأكثر ملاحظة في الأنفلونزا؟,التقيؤ,ألم في العضلات,ارتفاع في حرارة الجسم
129,الأنفلونزا,ما المرض الذي يعتقد عل نحو شائع بالخطأ أنه الأنفلونزا؟,التهاب الجيوب,التهاب المريء,البرد
130,الأنفلونزا,هل غسل اليدين وتعقيمهما بشكل متكرر يقي من الإصابة بالأنفلونزا؟,لا,بعد الوجبات فقط,نعم
131,الأنفلونزا,هل يساعد ذلك على تفادي التلامس المباشر مع الأشخاص الذين تظهر عليهم علامات الأنفلونزا أو أعراضها؟,لا,فقط في المسافات التي لا تقل عن 1 م,نعم
132,الأنفلونزا,هل تؤدي تغطية الأنف والفم عند العطس أو السعال إلى تقليل فرصة انتقال الأنفلونزا؟,لا ,تغطية الفم فقط,نعم
133,الأنفلونزا,هل تمتلك البرازيل لقاحًا للأنفلونزا؟,لا,فقط لعلاج فيروس الأنفلونزا H1N1,نعم
134,الأنفلونزا,هل يجوز للنساء الحوامل تناول لقاحات الأنفلونزا؟,لا,نعم، بعد  الشهر الثالث,نعم
135,الأنفلونزا,هل من الممكن تفشي الأنفلونزا على مدار العام في البرازيل؟,فقط في المنطقة الجنوبية الشرقية,لا,نعم
136,الأنفلونزا,هل يتلقى السجناء لقاحات الأنفلونزا؟,لا,أكثر من 5 سنوات من الحبس,نعم
137,الأنفلونزا,هل يجوز للمرضى المصابين بأمراض مزمنة غير معدية تناول لقاحات الأنفلونزا؟,لا,مرضى القلب فقط,نعم
138,اليرقة,ما اسم اليرقة الموجودة في البرازيل التي يمكن أن تتسبب في الإصابة بنزف الدم؟,العتمريس,فراشة الهيليجا,اللونوميا
139,اليرقة,كيف يحدث التسمم من اليرقة؟,لدغة,لدغة,ملامسة الشعيرات
140,اليرقة,أي من الأنشطة التالية يترتب عليها ارتفاع في مخاطر وقوع الحوادث التي تسببها يرقات من جنس اللونوميا؟,الاستلقاء على العشب,الركض على العشب,تسلق الأشجار
141,داء الليشمانيا الغلافي,ماذا يقصد داء الليشمانيات الغلافي؟,مرض نادر,مرض مزمن,مرض معدي
142,داء الليشمانيا الغلافي,ما السمة الرئيسية لقرحة داء الليشمانيات الغلافي الجلدية العادية؟,مؤلم,ألم في الجلد,قرحة جلدية غير مؤلمة
143,داء الليشمانيا الغلافي,ما التشخيص التأكيدي لداء الليشمانيات الغلافي؟,مصل الدم,سريري,من الوجهة الطفيلية
144,داء الليشمانيا الغلافي,في أي مناطق يتنقل عادة داء الليشمانيات الغلافي؟,المناطق الحضرية,المناطق الساحلية,حرجي والمناطق الريفية
145,داء الليشمانيا الغلافي,أي من هذه الحشرات ينقل داء الليشمانيات الغلافي؟,الزاعجة المصرية,القراد,ذباب الرمال
146,داء الليشمانيا الغلافي,أين يتطور ناقل داء الليشمانيات الغلافي؟,المياه الجارية,منازل بأسقف من الأغصان,البيئات الرطبة
147,داء الليشمانيا الغلافي,أي مما يلي لا يعد إجراءًا وقائيًا لداء الليشمانيات؟,الحفاظ على نظافة الساحة,استخدام المبيدات الحشرية,القضاء على جميع مصادر المياه الجارية
148,داء الليشمانيات الحشوي,كيف يعرف داء الليشمانيات الحشوي بشكل شائع؟,الحبة الشرقية,مرض الطفح الزاحف,كالازار الداء الأسود
149,داء الليشمانيات الحشوي,ما المنطقة البرازيلية حالات إصابة أكثر بداء الليشمانيات الحشوي؟,المنطقة الجنوبية,المنطقة الشرقية,المنطقة الشمالية الشرقية
150,داء الليشمانيات الحشوي,هل يمكن أن يؤدي داء الليشمانيات الحشوي غير المعالج إلى وفاة المريض؟,لا,في كبار السن فقط,نعم
151,داء الليشمانيات الحشوي,أي مما يلي يعد من أعراض داء الليشمانيات الحشوي؟,العمى,الجفاف,الحمى
152,داء الليشمانيات الحشوي,هل يوجد علاج متوفر لداء الليشمانيات الحشوي؟,لا,فقد في نظام الرعاية الصحية الخاص,نعم، في نظام SUS
153,داء الليشمانيات الحشوي,أي فحص متوفر في نظام SUS لتشخيص داء الليشمانيات الحشوي؟,فحص الدم,تخطيط فوق صوتي,فحص سريع
154,داء الليشمانيات الحشوي,ما المضيف الأساسي لداء الليشمانيات الحشوي في المناطق الحضرية؟,الدجاج,الكائنات البشرية,الكلاب
155,داء الليشمانيات الحشوي,ما الصورة الأساسية لانتقال داء الليشمانيات الحشوي بين الكلاب؟,لدغات,ملامسة البول,لدغات الحشرات
156,داء الليشمانيات الحشوي,أي مما يلي يعد واحدة من العلامات السريرية الرئيسية الدالة على داء الليشمانيات الحشوي في الكلاب؟,سلوك عدائي,جلد يميل إلى الصفرة,الآفات الجلدية
157,داء الليشمانيات الحشوي,أي من هذه الحشرات ينقل داء الليشمانيات الحشوي إلى الإنسان؟,الزاعجة المصرية,القراد,ذباب الرمال
158,داء الليشمانيات الحشوي,أين تتطور الحشرة الناقلة لداء الليشمانيات الحشوي؟,المياه الجارية,منازل بأسقف من الأغصان,البيئات الرطبة
159,الملاريا,في أي منطقة برازيلية يتركز ما يزيد عن 99% من جميع الحالات المصابة بالملاريا؟,الجنوب الشرقي,الشمال الشرقي,الشمال
160,الملاريا,كيف تنتقل الملاريا؟,باستخدام المياه,عن طريق الطعام,لدغة البعوضة
161,الملاريا,في أي من هذه الأماكن توجد يرقة البعوضة التي تنقل الملاريا؟,خزانات المياه,فتحات المجاري,البحيرات
162,الملاريا,أي مما يلي يعد الطريقة الأمثل للوقاية من بعوضة الملاريا؟,تناول الفيتامينات,أخذ اللقاحات,استخدام الناموسيات
163,الملاريا,ما البعوضة التي تنقل الملاريا؟,أنثى البعوض الزاعج,ذكر بعوضة الأنوفيليس,أنثى بعوضة الأنوفيليس
164,الملاريا,أي مما يلي يعد من أعراض الملاريا الحادة؟,إعياء,نزف,ارتفاع في حرارة الجسم أكبر من 41 درجة مئوية
165,الملاريا,ما الوسائل المثلى لإيقاف دورة انتقال الملاريا؟,تناول الشاي والاسترخاء,يستحيل إيقاف الدورة,تشخيص في الوقت المناسب
166,الملاريا,ما العرض الأكثر شيوعًا للملاريا؟,ضيق النفس,بقع جلدية,ارتفاع في حرارة الجسم
167,الملاريا,هل من الممكن تناول دواء للوقاية من الملاريا؟,لا,الداء المستورد فقط,نعم
168,الملاريا,من يكون عرضة للإصابة بالملاريا؟,للرجال فقط,الأطفال فقط,أي أحد
169,الملاريا,ما العلامات والأعراض الأكثر شيوعًا للملاريا؟,بقع جلدية,ألم في المفاصل,الحمى
170,الملاريا,هل يجوز أن أصاب بالملاريا أكثر من مرة واحدة؟,لا,نعم، مرتان,نعم
171,الملاريا,هل يوجد لقاح للملاريا؟,نعم,في الأفراد البالغين فقط,لا
172,الملاريا,كيف يتم تشخيص الملاريا؟,عن طريق اللعاب,الأمر خطير دائمًا,عن طريق الدم
173,الملاريا,هل تمثل الملاريا مشكلة خطيرة؟,لا,إنها دائمًا خطيرة,نعم
174,الملاريا,أين تقع المنطقة الموبوءة بالملاريا في البرازيل؟,الجنوب الشرقي,الشمال الشرقي,الشمال
175,الملاريا,ما الذي يسبب الملاريا؟,فيروس,البكتيريا,البلازموديوم
176,الملاريا,هل يجوز أن أصاب بالملاريا من شخص ما مصاب بها؟,نعم، عن طريق احتضان الآخرين,نعم، بالتقبيل,لا
177,الملاريا,أين ينبغي علي الذهاب للخضوع إلى تشخيص الملاريا؟,مخرن الأدوية,الجيران,نظام SUS
178,الملاريا,أين يتم علاج الملاريا؟,في مخزن الأدوية,في منزل الجار,في نظام SUS
179,الملاريا,كم تبلغ تكلفة العلاج من الملاريا؟,300 دولار,50 دولارًا,مجاني في نظام SUS
180,الملاريا,هل توجد الملاريا في البرازيل؟,لا، فقط في آسيا,لا، في أفريقيا فقط,نعم
181,الملاريا,أي من هذه القارات تعاني من حالات مصابة بالملاريا؟,أمريكا وأوقيانوسيا,آسيا وأوقيانوسيا,أمريكا وأفريقيا
182,الملاريا,كيف أستطيع تفادي الإصابة بالملاريا؟,لدغة البعوضة,نقل,مياه ملوثة
183,الملاريا,هل يستخدم العلاج نفسه لأنواع الملاريا الأكثر شيوعًا في البرازيل (النشيطة والمنجلية)؟,نعم,لا يوجد علاج,لا
184,الملاريا,هل تمثل الحمى أحد أعراض الملاريا؟,لا,حمى خفيفة فقط,نعم
185,الملاريا,هل تنقل البعوضة التي تنقل حمى الضنك الملاريا كذلك؟,نعم,جميع الأمراض,لا
186,الملاريا,في أي عضو يتكاثر طفيل الملاريا قبل مهاجمة خلايا الدم الحمراء؟,الجلد,الطحال,الكبد
187,الملاريا,في أي فترة يسهل التعرض للدغة البعوضة التي تنقل الملاريا؟,خلال اليوم,عندما تمطر,فترات الصباح وفترات بعد الظهيرة وفترات المساء
188,الملاريا,هل تقتل الملاريا؟,عقابيل فقط,لا,نعم
189,الملاريا,هل يستطيع النساء الحوامل تناول دواء الملاريا؟,نعم,تتوقف على الحالة المحددة,لا
190,الملاريا,هل يمكن العلاج من الملاريا بالشاي والأعشاب؟,نعم,فقط مع شاي المتة,لا
191,الملاريا,هل ينبغي علي تفادي أي نوع معين من الطعام عند تناول دواء الملاريا؟,طعام حار,الطعام الدسم,لا
192,الملاريا,ما المضيف الذي يعيش عليه طفيل الملاريا خلال دورة حياته؟,البشر فقط,لا أحد,البعوض والبشر
193,الملاريا,ما النسبة المئوية التقريبية لسكان العالم الذين يتعرضون إلى خطر الإصابة بعدوى الملاريا؟,0%,10%,50%
194,الملاريا,بعد التعرض للدغة البعوضة، ما الفترة التي يقضيها المريض قبل ظهور أعراض الملاريا عليه؟,من يوم إلى 3 أيام,30 يوميًا,من 10 أيام إلى 15 يومًا
195,الملاريا,هل يمكن أن تنقل أي بعوضة الملاريا؟,نعم,لا، البعوضة الزاعجة فقط,لا، بعوض الأنوفيليس فقط
196,الملاريا,كيف تنتقل الملاريا؟,عن طريق احتضان الآخرين,بالتقبيل,لدغة البعوضة
197,الملاريا,كيف أستطيع تفادي الإصابة بالملاريا؟,تناول الفاكهة,شرب الشاي,تفادي التعرض إلى البعوض
198,الملاريا,هل يوجد علاج للملاريا؟,في بعض الحالات,لا,نعم
199,الملاريا,أين أستطيع الحصول على لقاح الملاريا؟,في المستشفيات الخاصة,في مخازن الأدوية,لا يوجد لقاح
200,الملاريا,هل توجد مادة محددة طاردة للحشرات تستخدم في مواجهة البعوضة المسببة للملاريا؟,نعم,نعم، المواد المنفرة المستوردة,لا
201,الملاريا,هل تتكاثر البعوضة المسببة للملاريا بطريقة مماثلة للبعوضة المسببة لحمى الضنك؟,نعم,لا تتكاثر,لا
202,الملاريا,ما نوع بعوضة الأنوفيليس الناقلة للملاريا، ذكر أم أنثى؟,كلاهما,الذكر فقط,الإناث فقط 
203,الملاريا,إذا تعرضت إحدى النساء الحوامل للإصابة بالملاريا، هل يكون الطفل عرضة للخطر؟,الأم فقط عرضة للخطر,لا,نعم
204,الملاريا,أي الفئات العمرية يمكن أن تمثل عليها الملاريا خطرًا كبيرًا؟,المراهقون,الأفراد البالغون,كبار السن والأطفال
205,الملاريا,هل يُوصى بالتوقف عن علاج الملاريا؟,لا,لا، فقط حتى منتصف الطريق,نعم
206,الأدوية,أي صنف دواء يتم استخدامه لعلاج العدوى البكتيرية؟,مضادات القيء,مضادات الفيروسات,مضادات حيوية
207,الأدوية,أي صنف دواء يتم استخدامه لعلاج الألم؟,مضادات الحموضة,العوامل المضادة للورم,مسكنات الألم
208,الأدوية,أي صنف دواء يتم استخدامه لعلاج السرطان؟,الأدوية المضادة للقرح,العوامل المضادة للتشنج,العوامل المضادة للورم
209,الأدوية,أين أستطيع إيجاد المعلومات الأكثر أهمية المتعلقة بدواء معين؟,الوصفات الطبية,العبوات,نشرات المعلومات
210,الأدوية,يُعرف أي دواء يستخدم لعلاج أعراض مرض ما أو تخفيفه باسم:,الدواء الوهمي,لقاح,الدواء
211,الأدوية,يطلق على الأدوية الناتجة مباشرة من مستخلصات نباتية اسم:,التسريبات أو الشاي,المعالجة المثلية,الدواء العشبي
212,التهاب السحايا,أي مما يلي يعد من علامات التهاب السحايا وأعراضه؟,التقيؤ,السعال,رقبة متيبسة
213,التهاب السحايا,أي مرض يؤدي إلى الإصابة بالتهاب السحايا؟,السكتة الدماغية,الخثار,الوتدية الخناقية
214,التهاب السحايا,أي كائن حي دقيق يتسبب في الإصابة بالنوع الأكثر خطورة من التهاب السحايا؟,فيروس,الفطريات,البكتيريا
215,صغر الرأس,ماذا يقصد بصغر الرأس؟,البكتيريا,فيروس,عيوب خلقية
216,داء كلابية الذنب,أي بعوضة تنقل داء كلابية الذنب؟,الزاعجة المصرية,الكيولكس,الذلفاء
217,داء كلابية الذنب,ما الاسم الشائع الذي يُعرف به داء كلابية الذنب كذلك؟,مرض الحلزون,مرض القراد,العمى النهري
218,داء كلابية الذنب,أي الولايات البرازيلية سجلت حالات مصابة بداء كلابية الذنب؟,سانتا كاترينا وريو غراندي دو سول,غوياس وماتو غروسو,منطقة الأمازون ورورايما
219,الحيوانات السامة الأخرى,ما المسار الإجرائي المناسب المتبع في حالة وقوع حوادث تتسبب بها حيوانات سامة؟,الجري والقفز,شرب الشاي,البحث عن مساعدة طبية
220,الحيوانات السامة الأخرى,أي من هذه الحيوانات يعد سامًا؟,الفئران,الخفاش مصاص الدماء,العنكبوت البرازيلي الجوال
221,الحيوانات السامة الأخرى,أي من هذه الحيوانات يعد سامًا؟,الكلاب,السمكة المنتفخة,العقارب
222,الحيوانات السامة الأخرى,أي من هذه الحيوانات يعد سامًا؟,البرص,سمكة السيف,أفعى الدساس السامة
223,الحيوانات السامة الأخرى,أي من هذه الحيوانات يعد سامًا؟,الأفعى الزجاجية,العقرب المزيف,حشرة الحريشة
224,الحيوانات السامة الأخرى,أي من هذه الحيوانات يعد سامًا؟,الأفعى العمياء,سمك القرش,قنديل البحر
225,شلل الأطفال,أي كائن حي دقيق يتسبب في الإصابة بشلل الأطفال؟,البكتيريا,الفطريات,فيروس
226,شلل الأطفال,كيف يعرف شلل الأطفال بشكل شائع؟,الخناق,سعال حاد,شلل الأطفال
227,شلل الأطفال,كم تبلغ فترة حضانة شلل الأطفال العامة؟,من يوم واحد إلى 6 أيام,من 5 أيام إلى 15 يومًا,من 7 أيام إلى 12 يومًا
228,شلل الأطفال,ما الإجراء الوقائي الرئيسي لتفادي الإصابة بشلل الأطفال؟,العلاج بالمضادات الحيوية,استخدام الواقيات الجنسية,التطعيم
229,شلل الأطفال,تشير أعراض الشلل الرخو الحاد الذي يصيب الأطفال دون سن 15 إلى طبيعة المرض؟,الكزاز,السعال الديكي,شلل الأطفال
230,داء الكلب,من ينقل داء الكلب؟,البعوض,الطيور,الثدييات
231,داء الكلب,أي مما يلي ينقل داء الكلب؟,الأرانب وجرذان الهامستر,الدجاج والبط,الكلاب والقطط
232,داء الكلب,أي مما يلي يعد من وسائل انتقال داء الكلب؟,تلامس القمامة,لدغة البعوضة,لدغات
233,داء الكلب,أي مما يلي يعد من أعراض داء الكلب التي تظهر على الإنسان؟,بقع حمراء,الإسهال,التشنجات العضلية
234,داء الكلب,ما علامات داء الكلب وأعراضه الرئيسية التي تظهر على الحيوانات (الكلاب أو القطط)؟,هز الذيل,سلوك وديع,لا تأكل
235,داء الكلب,كيف يمكن الوقاية من الإصابة بداء الكلب؟,عدم مغادرة المنزل أبدًا,تفادي الوجود في مكبات القمامة,تطعيم القطط والكلاب
236,داء الكلب,هل يوجد علاج مخصص لداء الكلب الذي يصيب الإنسان؟,نعم,أحيانًا,لا يوجد علاج وهو مرض فتاك!
237,منتجات التنظيف,تتمثل المنتجات المستخدمة لتنظيف الأسطح الجامدة في ما يلي:,أدوات التجميل,مضادات الأكسدة,منتجات التنظيف
238,منتجات التنظيف,بعد تناول منتجات التنظيف أو استنشاقها عن طريق الخطأ، يجب عليك دائمًا القيام بما يلي:,الحاجة إلى التقيؤ,مياه الشرب,قراءة ملصق التسمية
239,فيروس الحصبة,تعد الحصبة مرضًا معديًا تتسبب به:,البكتيريا,حيوانات وحيدة الخلية,فيروس
240,فيروس الحصبة,ينتقل فيروس الحصبة بواسطة:,الفم أو البراز,الزاعجة المصرية,الخطوط الجوية
241,فيروس الحصبة,أي مما يلي يعد من الأعراض المميزة للحصبة؟,التهاب الملتحمة,صداع,بقع حمراء
242,فيروس الحصبة,كم تبلغ فترة الحضانة التقريبية للحصبة؟,5 أيام,3 أيام,10 أيام
243,فيروس الحصبة,ما الوقاية الأكثر فعالية تجاه الحصبة؟,استخدام معدات الوقاية الشخصية,العزل,لقاح
244,فيروس الحصبة,ما معيار التأكيد لحالات الإصابة بالحصبة؟,الخزعة,تصوير تشخيصي,فحوصات مختبرية
245,فيروس الحصبة,ما الفترة المثالية لإعلام حالة يشتبه في إصابتها بالحصبة؟,حتى 48 ساعة,حتى 72 ساعة,تصل إلى 24 ساعة
246,فيروس الحصبة,ما الفترة المثالية لاستخدام لقاحات الوقاية من الحصبة؟,حتى شهر واحد ,حتى 96 ساعة,حتى 72 ساعة
247,فيروس الحصبة,لا ينصح بإعطاء لقاحات الفيروسات ثلاثية التكافؤ ورباعية التكافؤ لأي مجموعة من السكان؟,كبار السن,الأطفال دون عمر السنة الواحدة,النساء الحوامل  
248,الصحة المهنية ونظام SUS,يتمثل الحق في الحصول على رعاية صحيحة في ما يلي:,لا ينص عليه القانون,غير ضروري,الذي ينص عليه القانون
249,الصحة المهنية ونظام SUS,"ما الاختصار المحدد لـ "" Sistema Único de Saúde "" [نظام الرعاية الصحية الموحد]?",SISU,SINAN,نظام SUS
250,الصحة المهنية ونظام SUS,يوفر نظام SUS الرعاية الصحيحة لما يلي:,العاملون,هؤلاء ممن لهم تأمين,جميعها 
251,الصحة المهنية ونظام SUS,من الضروري استخدام أحزمة المقاعد في الأعمال التي تتم على ارتفاعات تصل على أقل تقدير إلى:,1 م,3 م,2 م 
252,الصحة المهنية ونظام SUS,أي مما يلي يجب استخدامه في حالة نشوب حريق بسبب السوائل القابلة للاشتعال؟,المياه,ثاني أكسيد الكربون,رغوة 
253,الصحة المهنية ونظام SUS,ما أدنى وأقصى حدود مقبولة لتحمل الضوضاء؟,85 إلى 110,من 80 إلى 115,من 85 إلى 115 
254,الأفاعي,ما الذي يجب فعله فورًا بعد وقوع أي حادثة تسببت بها الأفاعي؟,تركيب عاصبة (أداة وقف النزيف),استخدام الكحول المحمر,البحث عن المساعدة في نظام SUS
255,الأفاعي,أي من الأفاعي السامة التالية مسؤولية عن وقوع العدد الأكبر من الحوادث في البرازيل؟,الأفعى المجلجلة,المرجان,أفعى الحفر
256,الأفاعي,أي من الأفاعي التالية سامة؟,أفعى الأناكوندا,أفعى الحفاث,أفعى الحفر
257,الأفاعي,ما الذي ينبغي علي فعله بعد التعرض للدغة من إحدى الأفاعي؟,حاول الإمساك بها,أخذ صورة شخصية معها,الاتصال بالسلطات
258,الأفاعي,"أي لدغات أفاعي تؤدي إلى الإصابة بحالة سريرية تُعرف على نحو شائع باسم ""الوجه في حالة سكر""؟",أفاعي الحفر والأفاعي المجلجلة,أفاعي الحفاث والأفاعي المجلجلة,الأفعى المجلجلة والمرجان
259,الكزاز,أي لقاح يُوصى به للوقاية من إصابة الأفراد البالغين بالكزاز؟,لقاح الفيروس ثلاثي التكافؤ,شخص مهم جدًا,تطعيم مزدوج للأفراد البالغين
260,الكزاز,أي لقاح يُوصى به للنساء الحوامل للوقاية من كزاز المواليد الجدد؟,لقاح عصية كالميت جيران,لقاح الفيروس ثلاثي التكافؤ,تطعيم مزدوج للأفراد البالغين
261,الكزاز,أين توجد بكتيريا الكزاز؟,فقط في أظافر الأيدي,فقط في الأرض,العديد من البيئات المختلفة
262,الكزاز,كيف تستطيع معرفة إذا كنت مصابًا بالكزاز؟,غشاء كاذب,سعال متكرر ,تصلب العضلات
263,الكزاز,أي كائن حي دقيق يتسبب في الإصابة بالكزاز؟,فيروس,الفطريات,البكتيريا
264,الكزاز ,ما العامل المسبب للكزاز؟,سلمونيلة كوليرا الخنازير,البورديتيلة الشاهوقية,المطثية الكزازية
265,تراخوما,ما الذي يسبب مرض التراخوما؟,فيروس,حيوانات وحيدة الخلية,البكتيريا
266,تراخوما,التراخوما هو مرض يصيب:,الأعصاب الطرفية,الجهاز الهضمي,العينان
267,تراخوما,كيف يتم علاج التراخوما؟,مسكنات الألم,ضعيف التأريج,مضادات حيوية
268,السل,ماذا يقصد بالسل؟,مرض فيروسي,مرض فطري,مرض بكتيري
269,السل,أي بكتيريا تتسبب في الإصابة بالسل؟,اللولبية الشاحبة,البورديتيلة الشاهوقية,عصية كوخ
270,السل,أي لقاح يقي من الأشكال الأكثر خطورة للسل؟,الأنفلونزا,الحصبة الألمانية,لقاح عصية كالميت جيران
271,السل,كيف ينتقل السل؟,الاتصال الجنسي,التقبيل والاحتضان,السعال أو العطس
272,السل,أي عضو يُصاب غالبًا بالسل؟,الكبد,القلب,الرئتان
273,السل,ما الأعضاء الأخرى التي يمكن أن تصاب أيضًا بالسل، بالإضافة إلى الرئتين؟,الأمعاء فقط,العظام فقط,جميعها
274,السل,هل من المحتمل أن ينتقل المرض من شخص ما مصاب بالسل؟,نعم,المدخنون فقط,لا
275,السل,أي مما يلي يعد من الأعراض الشائعة للسل؟,الإسهال,الإغماء,السعال
276,السل,كم تبلغ فترة الإصابة بالسعال والتي ينبغي بعدها أن يساورني الشك بالإصابة بالسل؟ ,أسبوع واحد,أسبوعان,3 أسابيع
277,السل,أي خدمة رعاية صحية يجب البحث عنها في حالة الاشتباه بالإصابة بالسل؟ ,خدمات خاصة,غرفة الطوارئ,UBS
278,السل,ما المدة التي يستغرقها العلاج من السل؟,شهران,4 أشهر,6 أشهر على أقل تقدير
279,السل,أي فحوصات يتم الخضوع إليها لتشخيص السل الرئوي؟,فحص الدم,فحص البول,فحوصات البلغم
280,السل,كم تبلغ تكلفة علاج السل؟,R$ 20.00,R$ 300.00,مجاني في نظام SUS
281,السل,ما الذي ينبغي تفاديه من أجل الوقاية من السل؟,احتضان,التقبيل,بيئات داخلية مغلقة
282,السل,من يوفر أدوية علاج السل؟,نظام الرعاية الصحية الخاص,منظمة الصحة العالمية,نظام SUS
283,السل,هل من الضروري أن يستخدم مرضى السل كؤوس شرب وأدوات مائدة وأواني طعام منفصلة؟,نعم,الأطباق فقط,لا
284,السل,ما المرض الذي يجب التحقق منه وفحصه في مرضى السل؟,مرض الزهري,التهاب الغدة النكفية,فيروس العوز المناعي البشري
285,UVHA,ينصح بما يلي عند علاج مرض الإسهال الحاد:,تناول المضادات الحيوية,تناول دواء الإسهال,شرب السوائل
286,UVHA,أي مما يلي يعد من الأسباب الشائعة للإصابة بالإسهال؟,مياه ملوثة ,طعام ملوث,جمع ما سبق
287,UVHA,أي مما يلي يرتبط بالإسهال المزمن؟,أمراض فيروسية,داء السلمونيلات,الداء البطني
288,UVHA,ما الذي يمكن أن يتسبب في الإصابة بالإسهال؟,البكتيريا,فيروس,جمع ما سبق
289,UVHA,بالإضافة إلى البراز المصفر، ما الأعراض التي يمكن أيضًا أن تظهر في حالة الإصابة بالإسهال؟,ألم البطن,الغثيان,جمع ما سبق
290,UVHA,أي من السوائل التالية يوصى بها بدرجة كبيرة لتفادي الإصابة بالجفاف والعلاج منه؟,حساء الخضار,الصودا,الماء والمحلول الملحي محلي الصنع
291,UVHA,ما الاسم الذي يطلق على الإسهال المصحوب بدم يمكن رؤيته في البراز؟,الدفتيريا,إسهال مزمن,الزحار
292,UVHA,ما الجانب الأكثر أهمية عند شراء المنتجات الغذائية المباعة في الشارع؟,النظافة الصحية,طعام مخلل,جمع ما سبق
293,UVHA,ما الغذاء الذي يحتوي على خطر أكبر للتعرض للتسمم؟,المياه,الخضروات الطازجة ,طعام مصّنع
294,UVHA,كيف يمكن الوقاية من انتقال الإسهال بواسطة فيروس روتا (الفيروس المعوي)؟,نظافة الفاكهة,استخدام مادة طاردة للحشرات,نظافة اليدين
295,UVHA,أي من هذه الأمراض يمكن أن تنتقل من الأم إلى الطفل خلال فترة الحمل؟,البرد,حمى التيفود,داء المقوسات
296,UVHA,يجب عدم ابتلاع الأطفال دون سن العامين العسل نظرًا لما يسببه في خطر الإصابة بأي مرض؟,السعال الديكي ,الملاريا,التسمم السجقي
297,لقاحات السفر,ما المدة التي تكون مطالبًا فيها قبل السفر بالتحقق من إذا ما كانت اللقاحات التي لديك سارية المفعول؟ ,يوم واحد,أسبوع واحد,من 4 إلى 8 أسابيع
298,لقاحات السفر,هل يحتاج الأفراد البالغون أيضًا إلى أخذ اللقاحات بصفة دورية في البرازيل؟,لا,في حالات الطوارئ فقط,نعم
299,لقاحات السفر,أخذ لقاحات الحمى الصفراء قبل السفر:,غير ضروري,تعتمد على العمر,ضروري
300,لقاحات السفر,ما الكيان الذي يقدم معلومات كاملة وموثوق بها فيما يخص اللقاحات؟,ANVISA,وزارة الصحة,جمع ما سبق
301,VIGIPEQ,ما المسار الإجرائي المناسب المتبع في حالة حدوث تسمم بسبب الملوثات الكيميائية؟,الحاجة إلى التقيؤ,بلع الحليب,البحث عن مساعدة طبية
302,VIGIPEQ,ما المسار الإجرائي المناسب المتبع في حالة حدوث تسمم بسبب المبيدات الحشرية؟,الحاجة إلى التقيؤ,بلع الحليب,البحث عن مساعدة طبية